{
    "192K": {
        "enableSteepFilter": false,
        "passBand": 95,
        "phase": 45,
        "quality": 4,
        "resampleSampleRate": 192000
    },
    "4x CD": {
        "AppSettings/soxr/enableDither": false,
        "AppSettings/soxr/enableSteepFilter": true,
        "AppSettings/soxr/passBand": 99,
        "AppSettings/soxr/phase": 0,
        "AppSettings/soxr/quality": 4,
        "AppSettings/soxr/resampleSampleRate": 176400
    },
    "default": {
        "AppSettings/soxr/enableDither": false,
        "AppSettings/soxr/enableSteepFilter": true,
        "AppSettings/soxr/passBand": 99,
        "AppSettings/soxr/phase": 0,
        "AppSettings/soxr/quality": 4,
        "AppSettings/soxr/resampleSampleRate": 176400
    }
}
